size,nb_rooms,garden,orientation,price
197.3304778359,1,0,Sud,-515655.088016659
185.3610364926,2,0,Sud,934141.593796699
195.1132857371,3,0,Est,6894268.85300374
139.9201443059,3,1,Ouest,4307298.29335903
167.9174662542,1,0,Nord,1267890.30960321
117.6970935502,1,0,Nord,2224093.17202741
102.9087242148,1,1,Sud,3651072.72854528
146.8109611064,3,1,Ouest,5485964.59846437
117.6617938028,2,0,Est,3519094.24853907
170.1354296178,1,0,Est,-350961.633966944
101.6933254415,1,0,Sud,3464383.12962199
227.5855674413,3,1,Nord,12023439.3391032
215.1443961023,3,0,Nord,1199721.38065979
130.6616334539,3,1,Sud,5411534.59022882
141.3481139639,2,0,Est,2781342.54368882
221.5242405297,1,0,Est,10282973.9722688
174.4360971515,3,0,Est,319081.439879682
79.8084096624,3,0,Est,562790.024785698
112.7358704132,3,1,Sud,-3093947.08670148
85.9744689164,1,0,Ouest,3338831.93161588
190.927276236,1,1,Sud,4812118.31505235
197.4424934491,2,1,Est,-6887751.10905626
113.6336560257,2,1,Ouest,1467974.11997919
194.1001110977,3,1,Ouest,4092537.68080218
266.5554098702,2,1,Sud,7355004.13827896
56.0475725145,1,0,Nord,-2030788.20151098
226.2000050794,3,1,Est,1380271.88388536
80.8983287658,2,1,Sud,4965248.02165666
201.7389541574,3,0,Est,2948412.36949081
184.5402933437,2,0,Sud,3712178.26967696
11.3806111562,2,0,Sud,2491821.56960747
142.6198807026,1,0,Nord,890841.76236162
231.9733626335,3,1,Nord,381855.898193765
201.2292625441,3,0,Est,-37470.696541759
126.3777222896,1,0,Nord,6388731.84644116
104.59815867,3,1,Sud,4899522.49304203
215.2063562317,2,0,Nord,3900599.122243
155.2128271369,3,1,Sud,5885804.56607854
251.0869079215,2,0,Est,3341065.42609868
97.1051679882,3,1,Sud,508955.290592238
92.4630712295,3,1,Est,3821005.10342175
65.6906741723,3,0,Est,4517191.01335608
126.9808476719,2,1,Nord,3076413.15841211
142.0816298366,1,0,Est,4119902.04635688
133.4796164695,1,0,Nord,-431569.472949077
138.5121493318,2,1,Sud,2920982.19817418
173.7706096464,3,0,Est,3488143.26167622
87.4820077881,2,0,Est,3565246.25779219
203.2421401216,1,1,Nord,1582901.3272714
209.0432660397,1,1,Est,2331783.33183438
249.3334439664,1,1,Ouest,8656210.93055509
147.2393100259,2,0,Ouest,4627684.08613428
226.5961767818,3,0,Sud,9416840.31784363
187.9525496568,3,1,Est,-949971.957390106
25.8675965279,2,0,Sud,6814694.96196377
139.2751752055,3,1,Est,7142704.42080722
241.9370662999,2,1,Est,-1331860.4394429
151.4792976752,2,0,Sud,1959230.67071694
159.6198761487,3,0,Est,2905452.79432596
162.1946729348,3,0,Sud,1281232.39030708
173.0605218258,1,1,Sud,-4987.3295709003
144.5511738109,3,1,Est,-942363.76242747
171.2179991666,3,1,Ouest,1399514.81601078
139.6219370538,1,1,Est,4515067.77269647
144.9411434505,1,0,Ouest,-440158.431652518
99.4114815593,1,1,Ouest,2107177.07600998
141.707680132,1,0,Nord,3491736.39392195
140.5799241056,1,0,Nord,4335450.14286578
201.5625256714,2,1,Est,4608009.16692131
208.3923711465,1,0,Est,6815960.75324343
100.6908020794,2,1,Sud,1667303.05737415
137.7100195623,3,0,Nord,3364749.44117172
149.0829574422,1,0,Ouest,-460109.356365019
78.9375793831,3,1,Ouest,3967359.84431498
83.324002866,1,1,Nord,7313817.55436939
197.8739648955,1,0,Est,3390830.13882886
131.9655464357,3,0,Est,7584949.86482346
171.8253463863,3,1,Nord,3529813.8448074
131.9950759241,3,0,Est,1148882.13818527
144.3562874155,3,0,Ouest,1421141.79989515
162.9207457027,1,1,Est,2967093.9396938
175.0958314845,2,0,Sud,10580732.1945064
162.2245672261,1,1,Sud,794679.443549098
101.6746438293,1,1,Nord,1669188.98415452
169.9784175877,2,1,Nord,6661771.41233116
148.3085035644,3,1,Sud,3780336.53838745
143.411471468,2,0,Sud,6779868.03266708
97.3369678701,1,0,Sud,4439243.86251892
127.1593324666,1,0,Ouest,2562142.03049132
145.0394982739,1,0,Est,6636618.94833397
217.4088441863,2,0,Sud,3615476.29785488
200.7406638476,3,1,Nord,2150193.67164855
155.3663895019,2,1,Est,6603853.93074605
121.0709317949,1,0,Ouest,1309825.61163994
60.6695217066,3,0,Ouest,3513238.49110323
145.6947002969,3,0,Sud,3547619.82116927
111.5228146583,3,0,Est,3886373.85483358
181.7185450698,3,0,Est,715210.380738864
200.841071455,1,0,Ouest,6640291.27906474
123.4149318152,2,0,Est,8888394.2066021
145.6014180303,3,0,Nord,4755378.59229064
94.8184631495,2,0,Sud,7462252.36088878
90.8580115636,1,0,Ouest,-2521463.33861758
151.0968357663,3,0,Est,10001288.7415343
157.1546964965,2,0,Est,6076144.72471252
296.0941136305,1,1,Est,142259.282257863
159.167718219,1,0,Est,5066460.13400913
111.2629737104,2,1,Nord,3417289.92235837
76.5351469842,2,1,Est,986831.625693726
90.9753626795,3,1,Ouest,4617342.44882887
69.1643069826,2,0,Sud,2458760.27086021
116.115376875,1,0,Ouest,3156100.51425091
216.8570267432,2,0,Ouest,2127697.64809747
123.9349985827,2,1,Nord,6370170.9565532
147.7354747874,3,1,Nord,1517617.89857095
178.8999384864,1,0,Nord,1756197.16900285
122.2524447515,3,1,Nord,8687110.60459581
218.1450443339,1,1,Nord,8850311.11176907
84.1064104409,3,1,Ouest,2412204.9358432
220.121602644,1,0,Sud,9459381.76213938
171.6754268343,3,0,Est,5219266.43174878
124.1183983541,2,0,Sud,-2226732.50068988
107.2459274864,2,1,Nord,1091300.48921422
152.1363823091,2,0,Sud,7847687.10702505
195.5909389273,3,1,Ouest,4816791.18125641
193.6026446828,3,1,Nord,6303293.02997569
181.1263229765,2,1,Nord,853342.512249663
78.1858023837,1,1,Sud,542926.003391741
133.9429431185,1,0,Ouest,-1477864.2474374
131.2426600867,2,1,Sud,8021815.51435662
214.6983002487,1,0,Est,4632390.48593277
260.1774333802,2,1,Nord,1752651.56623584
111.6302870471,2,0,Sud,2649537.23169261
180.9935965024,1,0,Sud,6763773.38230108
115.2253568035,3,0,Est,506918.640413171
141.2922103562,2,0,Ouest,1573882.50141732
205.9303498015,2,0,Nord,6184099.63789257
18.6724318233,3,1,Nord,-542066.505278366
121.7120258849,1,1,Nord,683169.949291627
139.4363084277,1,1,Nord,1198182.42851492
74.0246727803,2,0,Ouest,2139218.39748264
79.4987960384,2,1,Sud,542041.529176363
158.5783621178,3,0,Sud,1331472.82281435
184.0057842484,2,1,Nord,1456458.96952833
171.7687578787,3,0,Est,8286540.69433858
85.413404394,3,0,Est,4071826.62529554
135.4337521271,1,0,Ouest,3682021.6240465
160.7005049281,2,0,Sud,4418356.82563441
149.3153197531,2,1,Ouest,7547901.50403164
126.3277501015,2,0,Sud,2039496.67780668
165.665999554,2,0,Ouest,-2447105.79806667
164.2937974703,2,1,Est,1002589.14462955
168.4195768308,3,1,Ouest,-35713.0398637844
108.564766796,1,1,Ouest,1942455.94981208
202.9379093358,3,0,Ouest,5958836.92929552
144.1679812044,2,1,Sud,3243523.80294126
138.7549222524,1,1,Est,5961272.68097634
164.0700287094,1,0,Est,-818938.426419039
199.0775994953,2,1,Ouest,1505331.08510218
141.0166288544,1,1,Sud,5321099.26367345
145.2683727838,3,0,Est,1205668.97207442
139.2486240624,2,0,Ouest,5481223.1553271
203.7519985501,2,1,Est,-404868.870545086
174.0402585734,3,0,Ouest,1771388.59106287
184.6105332677,1,1,Sud,10219702.820346
134.2126799204,3,1,Est,3731083.51793057
126.5417966422,1,1,Nord,-2010410.25559258
205.4601499163,3,0,Nord,8816274.80329395
105.8733007318,3,0,Est,5031822.76286195
223.1408904415,3,1,Est,5003306.76226154
227.3553728133,1,1,Sud,4578042.04940313
187.8688154276,2,1,Ouest,1901506.60522482
142.8295627796,1,1,Est,2195224.28574899
135.8936569346,1,0,Sud,-4033597.59477942
219.9358353609,3,0,Sud,-1086956.09859767
59.5362039078,3,1,Ouest,4828016.76505582
126.9474319732,1,1,Ouest,6862241.39953827
176.0730356848,1,0,Ouest,1704982.22974416
231.7533360774,2,1,Nord,-1449094.0833511
200.9016319079,1,1,Ouest,-5730316.64368052
213.6892374296,2,0,Sud,3020195.31844245
132.4414110293,1,0,Ouest,680902.489961801
111.741614459,3,1,Ouest,6057002.23851712
118.8312574497,2,1,Est,7353175.63676229
109.0770678317,2,1,Sud,3666453.08173589
72.390726087,2,1,Nord,6974882.10323318
177.7759693244,1,1,Ouest,260903.122234204
150.8949049775,2,0,Ouest,2223420.61867203
201.0190889139,1,0,Nord,3766804.97112055
126.3968858768,2,0,Ouest,4835650.30932226
245.455662805,2,0,Ouest,1488134.7734802
182.2154941193,3,1,Nord,3565204.14323002
181.7874589812,1,1,Sud,5242906.11352101
96.4907804404,2,1,Ouest,2770912.51025613
111.3970656111,3,1,Est,1124182.18250208
104.1897632992,1,1,Ouest,6303172.88136164
161.7599509927,3,1,Sud,301283.505704253
114.2962903323,1,0,Nord,4857417.39699791
17.9716131688,1,1,Est,-785413.688488573
52.5004207076,1,0,Sud,2660954.87458411
182.3735139181,1,0,Est,305583.346425763
114.6951729314,2,1,Ouest,4062538.67655571
199.2768495531,1,0,Sud,6439987.03370044
178.2391004879,3,0,Ouest,4105584.86525698
163.3371983633,3,1,Nord,4396369.37502312
213.8584178196,1,0,Sud,-1693779.65445517
96.3895870858,1,1,Ouest,1776089.75233006
125.9567984419,3,0,Sud,2998817.61258857
159.1485916245,3,0,Nord,2333547.98277069
215.0888067392,2,0,Nord,3556218.89192112
139.5596733594,2,1,Ouest,2128024.17840725
267.2118221992,2,1,Ouest,4084141.13791653
141.3860705246,1,0,Sud,54464.5886315721
148.9638800986,1,0,Est,2103737.49017967
252.8716416644,2,0,Sud,7328986.13527408
202.3463956915,2,0,Nord,1695948.07099924
147.9643262328,3,1,Sud,5650344.40060067
194.3488920864,3,1,Nord,3136670.69812339
199.1063889805,2,1,Est,6580094.08528435
166.2560115741,1,0,Ouest,3294722.48917249
209.7344645461,3,1,Nord,-1139099.49520983
165.0776288349,1,0,Nord,5257341.91851535
66.872933322,3,1,Sud,4603593.9775428
1.1232323232,3,0,Nord,390165.651178134
155.3254359411,3,1,Sud,4254525.80071429
190.4531854048,2,1,Est,5766576.55011194
169.9984176079,1,0,Ouest,723266.793692661
49.0794207894,1,1,Ouest,1589261.3637226
198.7750068286,3,1,Sud,-728284.524570191
143.0999024068,3,0,Nord,-130676.596251663
61.8980536019,1,1,Est,-1260695.48602546
111.9687114865,1,1,Ouest,-3734601.05468582
200.9472386489,2,1,Sud,5052600.05242256
81.146730614,2,1,Sud,1693247.35649565
28.3346762711,2,0,Sud,8306349.53861325
202.7066654945,2,0,Sud,1713770.62222195
219.1684966714,2,1,Nord,8988654.88177471
153.3367849457,2,0,Est,-3840188.77433372
105.68582115,2,1,Est,17824.0938523691
175.4736539648,2,0,Nord,6215576.10912285
223.6089579726,3,1,Ouest,1299592.88794212
156.7113828024,2,0,Sud,-128841.042613249
103.6771776924,2,1,Ouest,3151296.72791725
209.5419050193,1,0,Sud,4958863.79075428
161.432985042,3,0,Sud,5892659.31839331
193.5977443001,3,0,Nord,4954333.67106255
93.6684700353,1,1,Sud,583093.35762754
116.2549125639,2,1,Est,5968549.82751962
70.3538943715,3,1,Sud,3647956.25556814
86.737305861,2,0,Est,4093398.49703909
32.2349512665,2,1,Est,1382772.62616484
167.9538958246,3,0,Nord,-2376053.50515302
187.3865217192,1,1,Nord,2657014.03559787
177.6815903402,3,1,Sud,2247320.55618756
228.4130282122,3,1,Nord,7855091.75281955
100.5337025541,2,1,Ouest,6710720.56269089
100.3927584117,3,1,Est,2219290.35798388
81.627552099,1,1,Sud,3704006.29462094
73.6790996483,2,1,Sud,3132396.30173213
127.2628677035,1,1,Nord,2726656.16480635
193.9355916321,3,1,Est,-3417902.85350622
66.8922893157,1,1,Est,2647156.03646314
156.9594649691,1,1,Nord,556456.275335143
137.2525226429,3,1,Nord,4413198.50947585
166.6816395974,3,0,Nord,3670323.51295367
173.3240709329,1,0,Nord,7233109.54994014
177.8814070323,3,1,Est,4368550.64256057
154.7366637369,3,0,Sud,3651767.53966324
87.9886349362,2,1,Nord,3269683.64051479
190.5951334,1,1,Sud,3747139.30158523
188.6036389082,1,1,Est,11012906.6751421
139.8419408791,1,1,Nord,3728600.50178998
121.1661014707,1,1,Ouest,1744063.07984017
161.0029212238,1,0,Ouest,11019398.8175681
203.0390281948,3,1,Nord,2594083.85832749
183.7221876058,3,0,Ouest,4004859.80289835
163.5939333707,1,0,Est,4265348.02389674
190.8773042509,1,1,Est,1872111.53090775
171.9396362531,2,0,Est,6544565.17211501
163.6105080345,1,1,Nord,3336150.73976628
127.7279396884,3,0,Sud,1873891.31808269
110.2597088917,1,1,Nord,5213268.81378899
212.5793235168,1,0,Ouest,1116757.00844235
133.7236496526,1,1,Sud,916852.692275358
152.7244706801,2,1,Nord,1048384.83135344
142.8809304852,1,0,Ouest,3663470.61949641
147.1874188971,3,0,Nord,1546200.06614088
195.7499583792,3,0,Sud,7032585.15964668
147.7842216149,3,1,Nord,4902105.94422395
253.9055727879,2,0,Ouest,3553184.82895772
0.8132887687,2,1,Ouest,11049.8001093051
139.4024407885,1,0,Est,983592.370993556
231.2378032363,2,0,Est,6861932.4244907
178.5477720543,3,1,Est,6985250.2537158
156.2456787139,1,1,Est,-2096580.14469684
180.7504240274,2,0,Est,3340946.69190021
109.7509789991,3,0,Ouest,6467069.04207483
158.4419345741,3,0,Est,10104418.2307507
101.21977821,3,0,Ouest,618645.66719681
152.4866224929,2,0,Ouest,3398988.1790263
186.1081153795,3,1,Ouest,1441205.7091232
208.1497944192,1,1,Est,10797434.7796896
147.2285606752,1,1,Sud,1332545.43471322
184.6759765242,3,1,Nord,4202801.74943544
201.8768441053,3,0,Nord,7829836.70231335
143.8967446112,1,0,Ouest,-82562.1100333633
91.6492598934,1,0,Sud,3614140.50977
90.3571847152,2,0,Est,5623745.95838815
214.0810784227,1,1,Ouest,2072883.09173461
235.0764354667,2,0,Nord,5541311.28601183
171.1966222823,3,1,Est,5797550.84726985
234.9720756633,3,0,Sud,3270304.05955344
124.8688821137,3,1,Est,2831384.56191644
195.4470918725,2,1,Est,2828353.84291803
280.4320317701,2,1,Sud,4404455.6273858
167.4447681748,3,1,Ouest,8610864.79198787
183.0281505213,2,1,Sud,1471289.94047755
154.8545239057,1,0,Ouest,-3811646.37354569
160.0593658222,1,0,Est,-1230972.20739364
135.132429529,2,0,Sud,2092020.69966684
86.3126300173,3,1,Est,5019787.35728585
182.7299304,1,1,Sud,1319156.80225212
137.6659319616,1,1,Est,3970647.31267528
53.6581817904,1,1,Ouest,1111456.0074083
113.210319652,2,1,Est,2120187.43018422
128.4544322431,3,0,Nord,9867889.05031222
199.6909130578,1,1,Ouest,6528107.85602767
194.4268354666,1,1,Ouest,-1639409.55672392
96.2257368739,1,0,Est,-328941.140700945
185.9494450794,1,1,Nord,1302164.78987164
132.9516655922,3,1,Sud,-530842.683450385
191.2028030731,2,1,Nord,4194447.58550492
173.9908577166,1,1,Nord,673338.909400009
83.5030383687,3,0,Nord,3330260.15473337
177.262920062,1,0,Nord,3305695.54764187
199.7970618437,1,1,Est,4543179.97460898
169.4752347625,3,1,Sud,4990446.85709431
153.2784182707,1,1,Est,-4073400.5509806
109.5679127664,1,0,Sud,5522499.04424666
93.6122914391,1,0,Est,588537.879327897
225.9267921515,3,1,Sud,1646741.52679814
207.2178241629,1,0,Est,3539748.98750365
130.3681386186,1,1,Nord,2778418.16505132
207.3214725805,2,0,Est,11757941.7915169
53.8117043256,1,0,Ouest,5872930.06977343
127.0385131057,3,1,Est,1584638.07329122
47.8678344033,1,0,Sud,2874359.79138311
112.4994326592,1,1,Ouest,-607934.661930449
168.3412431216,2,1,Nord,-4951084.6437696
76.8468458776,1,1,Sud,741842.586294798
119.6789034271,1,1,Sud,2252700.22212347
175.4402440016,2,1,Ouest,-167159.967527353
139.6589589099,3,0,Nord,2063139.20489308
48.1281652912,3,0,Est,5906761.93469
185.7632367586,2,1,Est,3017895.76323429
96.6424485034,2,0,Nord,730781.927656056
110.6969868558,1,1,Ouest,8361348.66452692
182.5413931308,3,1,Est,2774550.56476456
153.5225788841,1,1,Ouest,982442.701012181
209.8992066716,3,0,Sud,4053339.79280806
61.0708270518,3,1,Est,3387977.93072829
138.0667724868,3,1,Ouest,1683156.12176845
146.8059540943,2,0,Ouest,-547733.839969767
95.9779622435,3,1,Ouest,1103355.66260122
169.8227355918,3,0,Sud,2410829.48572008
158.0977632181,3,1,Sud,4507466.49667436
71.3093883469,1,1,Est,-687863.319880767
114.010102055,3,0,Sud,1096407.21345365
159.1802961709,3,0,Sud,186151.365881625
149.5018147281,1,0,Nord,3165570.42005453
119.1959130722,1,0,Est,1685419.00517452
166.064502182,1,1,Ouest,6473493.3121536
203.6891105502,1,0,Ouest,4246881.49035371
126.6964415823,2,0,Nord,2263167.12840505
217.8127682088,1,1,Nord,3251154.36028009
106.1552893361,1,0,Sud,3751374.09956246
171.9342249958,3,1,Ouest,1208000.09167454
161.5768885986,3,0,Est,52898.1677476227
152.616124681,3,1,Sud,837918.356473197
100.2659494082,3,1,Est,1273123.84597543
209.3940730402,3,1,Sud,3439682.90476526
205.3816682196,1,1,Est,-4393762.85838842
222.2494349455,2,1,Est,3769761.94874915
144.579598832,3,1,Est,6491436.02685155
136.2032853709,3,1,Nord,5989638.97706166
145.052212655,1,0,Sud,2293414.6413444
92.6570948221,2,0,Ouest,6277808.19544643
179.1652542359,2,1,Sud,5433459.43858602
208.7893235524,2,1,Ouest,9393544.70558077
112.8455274875,3,1,Nord,-2655749.76994835
185.7084395008,2,0,Nord,2167211.06991986
154.8249627569,1,0,Ouest,4434019.45854372
67.2867697454,2,1,Sud,1095699.65293044
135.0754505962,3,1,Est,5284762.0186423
140.7392611997,2,1,Est,3442958.4793679
123.5076147127,2,1,Est,8658879.11957306
238.4112861823,2,1,Est,-2114547.12366365
163.2638769656,1,0,Nord,2727500.42962091
175.9314285427,3,0,Sud,6965189.89084426
145.7800335583,1,1,Est,-753728.680078326
168.6056962096,3,1,Ouest,2224348.80686206
93.1730838979,3,0,Ouest,-582799.793610967
159.9952947429,1,0,Ouest,3690712.71577897
132.9675172613,2,1,Est,8726618.85759136
36.4781130095,2,0,Ouest,513304.764586662
177.2594130347,2,1,Nord,789433.977558332
124.2148488552,3,0,Nord,89042.7460899959
70.4698314427,3,1,Nord,5381848.72305615
201.9203022657,2,0,Nord,7731513.27252549
196.1494324644,1,0,Ouest,10032383.3936476
209.7586896258,1,1,Ouest,5133913.21886272
200.9061939831,3,1,Sud,-4224460.4779043
151.2057308555,1,1,Est,4720536.87705611
167.794624228,3,0,Sud,401481.634293539
200.1093808204,3,1,Sud,947950.776988248
188.5695214752,2,1,Sud,-123484.992665476
99.3533016739,1,1,Nord,1197732.52423171
236.9221119943,2,1,Ouest,5397128.45777795
164.0300290946,1,1,Sud,1430883.77953023
128.7045780082,2,0,Est,2871417.50776105
134.196506475,2,0,Ouest,5141088.02927928
173.6078411461,1,1,Sud,1470884.93573743
88.2721567011,1,0,Nord,3025620.45068456
153.8437572465,1,0,Est,4763060.03732222
187.1534330322,1,1,Est,4317298.80976066
121.9962786663,1,1,Nord,7146621.72194251
147.6985933807,2,1,Ouest,6698537.7425927
168.753639234,3,0,Sud,458217.476589102
226.5055102506,3,0,Sud,5084936.24283259
166.5413608757,2,1,Ouest,687539.167798014
90.4411497333,1,1,Ouest,200715.124261169
144.9235394074,1,0,Ouest,963740.31803449
135.6431117458,1,1,Est,3721146.99795881
129.2880732632,1,1,Ouest,6061891.07451785
63.205137419,2,0,Sud,4450284.11085132
185.6025706532,3,0,Sud,1250602.68596532
169.2182327761,2,0,Est,949147.376763569
161.4330062071,3,1,Nord,8751166.41281936
195.7230059721,1,1,Sud,3229184.20514678
87.0558065866,1,1,Nord,734402.511504325
120.5453840043,2,0,Sud,-1327964.03717267
108.760640813,1,1,Est,591602.847819247
146.6062176839,1,1,Nord,-2039986.89197754
99.3363787675,2,1,Sud,5207566.56903738
150.3376135216,2,0,Ouest,1805417.59949911
144.5992394166,2,0,Sud,6147042.8557397
170.361604664,3,0,Ouest,2950381.96962733
175.3739737547,3,0,Est,6641746.32425665
155.9759650189,1,1,Est,4052136.09913403
159.9520992688,3,1,Nord,4021984.93442648
211.2643239271,1,1,Est,6063393.27854639
185.5865875836,1,0,Est,8509908.80186918
136.3759386287,1,1,Est,-691434.041374035
131.2367717067,2,1,Est,-3070610.44521008
194.2103031806,1,1,Nord,5322475.68677328
150.7788256732,2,1,Sud,-2849630.185214
108.9514020995,2,1,Est,-1464262.30824344
203.6731057515,1,0,Nord,4080866.57170854
110.4979809,1,1,Nord,3997880.38035978
128.1266399431,2,1,Nord,3135996.32049084
133.9085045107,2,1,Ouest,3806622.19517157
181.8082577122,1,1,Sud,-274772.717171417
165.524056531,1,0,Est,4015883.79727497
170.2306765872,1,1,Nord,958953.006456766
172.3281183801,2,0,Est,-167278.231430499
198.117066414,3,1,Nord,2565644.16826429
188.650653546,3,0,Nord,2194627.92435701
158.2397007418,1,1,Sud,3981360.83661397
135.6219099008,3,1,Est,635674.831908719
138.3055392115,3,0,Nord,1651354.12526309
116.8317732097,2,1,Ouest,-772433.610882182
170.5377628905,3,1,Sud,2955633.28972114
171.2408976147,2,0,Nord,2019828.01858746
142.5507492267,1,0,Ouest,1047339.28446834
181.6363674922,1,0,Ouest,3483811.92814978
151.4232164255,1,1,Sud,3749605.85078092
165.3138088313,2,1,Nord,2836176.11723006
158.330236684,2,0,Est,1218021.49798163
85.8347511204,1,0,Est,-887437.541863605
175.9832274534,1,1,Sud,2285641.41205916
118.0525392556,2,0,Nord,1416384.53150052
143.7266046971,1,0,Nord,-3235752.54669156
70.2184908955,1,0,Est,2966155.2866339
294.2532212214,2,1,Sud,5767182.90299534
186.5441250112,1,1,Est,-1412773.9176675
94.2575927743,2,0,Est,3159895.28017494
137.1605702655,2,0,Est,-3811555.64541974
143.7993178696,3,1,Nord,3885782.62406699
196.4535829068,1,0,Nord,3769774.29266232
123.5170213917,1,0,Est,1196594.87297357
140.3805568103,2,1,Nord,6948718.18120875
189.6725325467,3,0,Ouest,3876443.95270237
140.6216805435,3,0,Est,5239718.99412606
186.37271718,3,1,Nord,5859918.15026794
267.1005168314,1,0,Sud,8899349.02355213
78.1152349865,3,0,Ouest,6105074.35243287
74.5788272695,3,1,Sud,1941515.70435488
173.672944604,1,1,Sud,3580865.78219041
170.6963995696,1,0,Nord,3381469.18903222
156.2057961537,1,0,Ouest,1743251.93387683
168.83532757,1,0,Nord,5903080.09038527
163.9208367538,2,1,Ouest,-763556.89662316
108.8748818525,1,0,Nord,727320.623299075
212.8186563811,2,1,Ouest,2926008.02398835
153.2430361146,1,0,Sud,7897886.87882561
102.8294167225,1,0,Sud,4810411.99315543
213.5150119912,2,1,Sud,2726149.69074888
148.2990075645,1,0,Nord,1907561.24324561
107.6745974467,1,0,Nord,10239443.3450957
112.7073880783,1,1,Sud,4371714.5822292
195.3995705743,1,1,Ouest,6372486.43183439
254.4398551206,1,0,Ouest,2775507.90228431
153.8681848844,1,0,Ouest,5865402.65736393
158.7202725852,1,0,Ouest,4001582.36910506
110.7643369786,2,0,Nord,-266058.450691477
263.7174062186,3,0,Sud,6558626.20911237
138.6516262196,2,1,Est,-1161957.38032431
240.7787880314,2,1,Nord,-427362.683323113
128.0492209747,3,1,Ouest,3824813.36593737
128.3349019908,3,0,Sud,3778779.05897858
190.7352699945,1,1,Ouest,-3388424.5007603
184.1190500724,3,0,Est,394920.218516303
102.7639055126,2,1,Ouest,2372129.74635916
8.9718407739,2,0,Ouest,-639351.45325807
128.6431700561,3,0,Est,2377248.62058438
94.6393669753,1,0,Est,2346258.79230376
172.0427954715,1,1,Sud,5883570.84039016
210.8263503564,3,0,Ouest,-906681.001408968
103.0877910492,3,1,Sud,912337.760124732
169.4586998193,1,0,Est,6988485.97798854
175.6529067121,1,1,Ouest,-2814102.71625003
239.2775266116,1,0,Est,-3399721.25915101
69.5252535867,3,1,Sud,-740147.40915705
178.8173657636,2,0,Ouest,6750214.85533959
225.420460587,1,1,Nord,1605956.44393345
38.6417503441,1,1,Sud,4354105.66485629
131.4000157585,3,1,Est,4906288.56601789
245.3679579346,2,0,Sud,1887194.56547359
153.7533219849,1,0,Ouest,5611671.96156541
113.3793073419,2,0,Ouest,2125136.61565919
146.4002972364,2,1,Ouest,3974518.07140028
141.3808072631,3,1,Sud,6093638.03292
108.9131865054,3,1,Ouest,5366428.77203388
120.9712074273,2,0,Sud,5673032.80224286
175.2417692747,3,1,Est,-1638547.13739646
99.2821773512,1,1,Nord,6787952.88643231
198.201013353,1,1,Sud,5472038.20632595
44.6410313341,1,1,Ouest,2427028.68125312
158.3890769727,3,0,Ouest,7020428.29132052
166.4737265746,3,0,Nord,4311763.35671955
139.7485844464,1,0,Nord,9317662.38070169
119.6975016599,3,1,Nord,-354971.112233517
174.9190337117,1,0,Est,6734424.61024245
170.1082541884,1,1,Ouest,5300362.886625
188.2495434384,1,1,Nord,-4535429.19954369
145.6551381287,1,0,Ouest,-1196785.08049802
111.5333540197,3,1,Est,-1889536.28948642
131.6079342095,3,0,Ouest,4691733.59630794
194.4666032756,1,1,Est,-1145607.91593115
132.7656839905,2,1,Nord,2101009.94792679
69.3813806308,2,0,Ouest,4010944.69247528
98.8514672166,1,1,Nord,1465685.89124339
193.7726007907,2,1,Nord,7479844.18014226
192.5185773969,1,0,Nord,4815456.91411351
155.1912797806,3,0,Ouest,3805243.71726579
99.8673326412,3,1,Est,-713591.018021623
151.5032118738,1,1,Ouest,-4033120.86968244
145.9400000876,2,0,Sud,1929399.48020731
105.3231491132,2,0,Sud,3970071.98118481
151.1855928463,1,1,Ouest,5267554.07657455
92.5367807893,3,1,Sud,2378624.61368181
153.368798805,2,1,Nord,2434246.54087545
141.3340234454,2,0,Est,5165993.81972854
140.758790006,1,0,Ouest,3650128.11754934
128.4980154752,3,0,Sud,6013849.84879415
188.3857218368,2,1,Ouest,-4544630.4719
157.0132520353,1,1,Nord,-4168251.09516445
63.6391977961,2,0,Nord,215256.163703754
156.9909467325,1,0,Ouest,5964649.04014155
191.0704970628,2,0,Est,5537576.14508607
149.51646206,2,0,Est,952912.014642548
209.5330516776,2,0,Nord,2590265.78287058
159.0865195871,1,1,Est,4911379.68543888
130.8590264877,3,0,Ouest,5694722.24572642
141.1478323633,1,0,Sud,3108544.30566687
138.9017204332,2,1,Ouest,2750112.76830816
251.2856314614,3,1,Sud,2040926.69631221
152.056079437,3,0,Est,3513111.12445663
213.4944413023,1,1,Ouest,1734084.03394622
174.644669728,1,0,Ouest,1574705.01404393
148.2553418236,3,1,Sud,1379213.7572484
118.8828665548,2,1,Est,1693325.36827861
136.193516366,2,0,Sud,4911998.59126537
128.7922489518,1,0,Ouest,-1814499.75200979
168.6683365448,1,1,Nord,7798747.71693201
179.7080820808,3,0,Sud,2869882.78525328
172.8927652178,3,0,Nord,494812.622700069
148.388783332,1,1,Nord,4177804.65145496
146.066152832,2,0,Ouest,7459679.91004762
185.9581834486,2,1,Ouest,1931446.42779484
100.8581965739,1,0,Nord,4229165.37303945
169.5696574441,1,1,Est,2301139.01141279
162.9870711378,2,1,Nord,6695892.33119502
212.2755499698,3,0,Sud,522648.722893211
108.5659558964,1,0,Ouest,2460588.61653945
181.4416604416,3,0,Est,4188608.32773545
229.7736165512,3,1,Nord,2817118.34779917
188.0029768974,1,0,Est,3111500.89415531
190.39266748,2,1,Est,7116047.97256419
163.1312213421,1,1,Nord,1695915.78893994
201.3519132478,1,1,Sud,-806825.09079136
173.9763453389,1,1,Sud,7187503.28296529
138.7866876632,3,1,Nord,6610105.99531229
162.1890197212,1,0,Ouest,-344342.288869437
113.2590214616,3,1,Sud,-1353705.24676519
123.8513499296,2,1,Nord,-1976960.93164941
168.2518328726,3,0,Est,6786159.1012836
74.8380363948,1,1,Nord,3409150.58088915
112.6062312255,2,1,Nord,1589249.44642066
127.8402252777,1,1,Sud,4027257.78606103
189.0096755542,1,0,Ouest,3342876.95933948
124.3158006741,2,1,Sud,4779332.8327094
182.3712446096,2,0,Ouest,870323.870948573
257.511137551,3,1,Est,1080728.27117443
204.2314167373,2,1,Nord,4769797.90471246
165.5181576205,1,0,Sud,7521392.2714701
197.6755950064,2,0,Sud,1690457.52554644
211.8379031051,1,0,Nord,-246221.085348751
184.9225892287,1,1,Nord,-715226.679467957
189.6254753434,2,1,Nord,2538828.49961905
150.2520453418,2,1,Est,5588927.75178181
174.7103292261,2,1,Sud,2135268.3853
186.071293823,3,1,Sud,3589287.1017268
230.7104688121,2,1,Ouest,4376656.92360511
186.1690374604,2,1,Ouest,4745435.3396884
131.5467764716,1,0,Ouest,1845829.15438005
187.7294175087,3,0,Ouest,1501791.75984754
227.2966119392,3,1,Sud,4347374.6585444
171.4345278842,3,0,Sud,-919677.49998669
195.3633105788,1,0,Est,6295838.8137708
173.722394706,2,0,Ouest,6342445.29633086
151.5306131107,3,0,Sud,2084622.21852882
144.8358279056,2,1,Ouest,5659995.34947367
81.7670619517,3,0,Ouest,-166139.479375009
120.2328924863,3,0,Ouest,-3037909.55972269
114.564694994,2,0,Nord,-500305.788578236
194.4859132336,1,0,Nord,1399411.06088955
179.8987451317,3,1,Nord,6346733.85821097
142.5995531596,1,0,Ouest,5716717.25724868
204.9506914903,2,1,Ouest,-991646.444999075
163.5361554119,3,0,Ouest,3969553.46247111
140.5861575755,3,1,Ouest,3424714.70613004
91.6754798057,2,0,Est,1781956.05836866
207.6920866516,3,1,Est,3095975.5713537
186.2541574567,1,1,Est,5505009.9298449
95.3672401518,1,0,Est,-892179.113505487
54.086264854,3,0,Est,1723725.97298432
106.635913611,2,0,Nord,-2571167.80404831
166.2475797973,3,0,Est,4182327.25975765
246.0485112248,1,0,Ouest,3386378.94619714
136.6154336794,2,0,Nord,5091943.99848876
126.6532973782,2,0,Sud,3327348.34454197
156.0744026673,2,1,Nord,-741142.166611286
79.6986483139,1,0,Ouest,-102288.243036093
141.1065471814,3,0,Est,4377666.06936036
126.7372019282,1,0,Nord,5139129.54660761
116.6068872982,2,0,Nord,2293855.14814328
217.5566474387,3,0,Nord,3325137.10562384
117.0723598638,2,1,Nord,-2273248.99591315
91.2198508652,3,0,Nord,2958746.78615626
185.2635983574,2,1,Ouest,1470753.49469381
64.9082434591,1,1,Est,2256907.98066794
152.5729232474,3,0,Ouest,-23972.8340930408
116.1336103805,3,0,Est,6515865.62343494
174.6475724485,3,1,Sud,-1328941.10978025
69.3413333443,2,0,Est,4432293.90300565
225.9233926916,2,0,Ouest,6027900.88167334
168.4813996875,2,1,Est,-1018078.04403368
175.8554079353,3,1,Est,6507239.18879112
180.3597845541,2,0,Ouest,3291768.65991878
161.0823446963,1,1,Ouest,4490304.78272378
218.1037401365,1,0,Est,-787542.899015194
119.5967943485,3,0,Nord,-2106955.02686785
197.6380894733,1,1,Nord,4193896.60995688
105.4617605612,2,0,Est,6039214.21890604
207.8913689262,2,0,Ouest,4006514.50186373
77.3946055422,3,1,Est,3830430.69557468
114.1328545763,2,1,Ouest,4101236.96733471
154.6355836434,3,0,Nord,-176137.8595887
187.9732461561,2,0,Est,1745259.62970456
209.1822147205,2,1,Nord,9703298.48090266
129.2899119874,1,1,Est,4198097.48609659
183.090085228,2,0,Est,2552640.70996437
168.266948924,3,1,Est,-2266720.20799854
151.654889496,3,0,Est,4593796.02492056
137.6482522495,1,0,Est,3275065.3414942
154.3951200668,1,1,Ouest,-2000599.33872
30.7984723816,1,0,Sud,3648466.79400865
125.3865437279,3,1,Nord,3994585.6578053
81.5496243144,3,1,Nord,-155931.264491513
164.4043223194,1,0,Sud,9102582.6862519
160.5719515945,2,0,Nord,11610576.9261334
172.7753537027,2,0,Nord,9472234.67780515
158.1780414859,1,0,Ouest,233380.213855361
181.6474063801,1,1,Nord,4021784.25031487
127.7349060202,1,1,Est,4597860.94128736
69.5272920903,2,1,Nord,5158832.33573425
147.2857825105,3,0,Est,-5348457.31082969
97.0645736936,1,1,Sud,5658256.09144871
190.8943019638,1,1,Sud,4867000.18383281
178.9004458785,1,0,Sud,4349218.47627627
178.4954474729,1,0,Est,2524531.03747134
199.5092438019,2,0,Ouest,662875.753987055
151.670071905,2,0,Ouest,8490989.8017948
107.0625683636,3,0,Ouest,1485812.20467007
50.0072305757,3,1,Est,-763872.427513739
72.3260852398,2,1,Ouest,-1853741.88126114
187.6418102802,3,1,Ouest,2593951.09127956
140.5602766895,2,1,Nord,4094467.30161901
184.4057645515,1,0,Nord,6350884.23427811
189.4666575555,3,0,Ouest,7821932.95840197
152.7572713262,3,0,Est,-3177000.34290915
74.6689200193,3,0,Ouest,-6745.5166060093
209.2717109025,3,1,Nord,3681798.93512853
192.6158884417,1,0,Est,4037942.91011367
83.5227183332,3,1,Ouest,480264.262725862
152.9066824317,2,1,Ouest,2231811.65072076
104.560122406,1,0,Est,-609966.435522179
113.6910357842,1,1,Sud,5882274.09981729
163.172571736,1,1,Nord,2723587.43806716
207.1159542823,2,1,Est,2949569.21469903
138.638676105,3,1,Est,2923019.4115188
183.6902447459,1,1,Sud,2937982.5421489
180.1291696334,1,1,Nord,-2111720.10376218
143.5041274715,2,1,Nord,108331.889615469
175.163787592,1,1,Sud,6547457.779314
180.6112502919,1,0,Ouest,-1124160.02620635
175.045577761,2,0,Ouest,4800716.90161971
133.1668117504,3,0,Est,6839175.58820112
203.2213393761,2,0,Est,9789094.25528474
149.7162592212,1,1,Ouest,5758105.7200084
106.7000029675,1,0,Nord,1217093.69558472
195.4082303406,3,1,Sud,-376422.707352626
118.8127965624,1,0,Sud,3593270.06051996
77.4743706654,2,0,Est,1008756.6714468
180.1187798331,1,1,Sud,1277874.7655889
152.1902502975,1,1,Nord,3091085.43080228
208.3503646973,3,0,Sud,2879325.53942632
204.1348101584,2,0,Est,2711534.04995974
189.7842356532,3,1,Est,-2354906.3900509
144.1372131407,1,1,Sud,2905822.8243392
42.601517958,2,1,Est,5682083.11724929
167.9315383342,3,1,Sud,8186681.03701953
104.8830004855,2,1,Ouest,3157976.37777585
250.441504619,1,0,Nord,-735264.081024051
167.4814563209,2,1,Ouest,4730543.08193878
195.8054699834,2,1,Sud,7851954.38979959
205.1128827266,2,1,Est,4380609.84776561
63.1535591657,2,1,Est,4691009.87272441
202.563681664,3,0,Est,5496547.00817061
155.7861878567,2,1,Ouest,5466885.0118093
101.2367049429,2,0,Ouest,4373207.44588662
179.2094229495,1,1,Nord,2714296.19777318
120.8379145037,2,1,Est,3078698.18141031
137.4160765935,1,0,Sud,1407172.95623096
88.7004612235,3,0,Est,6368289.92765545
176.5576221227,1,1,Sud,5636387.2020131
174.0052873182,1,1,Ouest,1339320.31455353
88.3013597079,2,0,Nord,3350120.60877477
138.7235528018,1,0,Ouest,1611568.31450777
128.2987280293,2,0,Sud,3035081.88749133
201.0663718595,1,1,Est,4541544.20530976
201.5123533929,3,0,Ouest,-1836693.88179892
115.593262029,3,0,Ouest,-731178.282355272
173.8301246811,1,0,Nord,6103645.50974959
230.1739397979,3,0,Nord,-261392.873267419
156.8197791823,2,0,Ouest,4150778.80237457
138.4626368619,2,1,Est,2322381.94878199
196.0611041639,2,1,Nord,5966729.17463858
183.2820689471,1,0,Ouest,976102.238101909
122.4325928913,1,1,Sud,3866299.56594052
134.6714897656,1,0,Est,-356070.791128004
202.9504422302,3,1,Sud,-916418.210188856
229.1945003371,2,0,Est,9129451.78707126
206.8380335793,2,0,Est,5659894.16773373
174.8801623122,2,0,Est,7405208.02488326
63.2598060202,2,0,Est,6063654.9757123
139.5724229946,1,1,Nord,6781100.74389636
126.242307011,3,0,Ouest,5402656.17650897
151.1398829809,2,1,Nord,8175161.80625115
171.5201222634,1,1,Nord,2615833.51583995
181.5983338116,3,0,Sud,2085163.00149628
35.2350401315,2,0,Est,3585579.30783653
172.6702893869,3,1,Sud,1035423.29621128
249.5987297123,3,1,Sud,7519924.52496435
177.5829914711,3,1,Nord,1746220.68220838
179.8929307775,3,0,Nord,2907532.93943615
176.5330342122,1,1,Ouest,2686798.40326362
195.4955833516,3,1,Sud,3665282.76424515
19.9511491311,1,0,Est,2574603.13688232
191.9000915832,1,0,Ouest,160250.484756382
202.2381897621,1,0,Nord,1003219.65993905
81.6019617619,2,0,Sud,3516433.98266601
136.3235108983,2,1,Sud,243908.912433865
204.021639367,2,1,Nord,-1167369.75010072
119.1914653099,3,1,Ouest,741378.091786438
114.792688564,3,0,Est,1207210.43054277
143.3382146626,2,1,Nord,3598002.3229396
112.4693844391,3,0,Ouest,1943612.4084136
199.4218242037,2,1,Ouest,3415288.66124265
153.5079703583,2,0,Est,7089320.34561212
63.9941214925,3,0,Est,1898751.8601064
180.2081180009,3,0,Est,5771005.08692839
77.7611250234,3,0,Est,1813978.0497244
118.1722438209,3,1,Est,6626979.44156914
128.9882045721,1,0,Ouest,-1162323.78930117
159.2045808463,1,1,Nord,7871804.45323307
125.030537424,3,1,Est,-818086.661678514
180.8687873393,2,1,Sud,535250.87777914
130.1647977826,2,0,Nord,4007203.512228
54.5925455289,3,1,Est,2415352.7182928
108.1418930758,3,1,Est,2205745.87116165
151.3972248836,2,1,Sud,1959750.58388801
76.653121724,3,1,Est,-2078222.70765733
79.0267772531,3,1,Est,1342681.98228603
60.1813117586,3,1,Est,319856.365153416
129.6934121085,1,0,Ouest,4622759.97864656
105.5292081827,3,1,Ouest,4216555.00324696
162.3522903748,2,0,Ouest,3925791.05309195
141.562669483,2,1,Ouest,6025941.97755018
151.5525311203,2,0,Ouest,9416101.54134029
150.3293407169,1,0,Sud,677332.867978249
67.5167130772,2,1,Est,-126919.48940424
153.5275124505,2,1,Ouest,1260765.94331947
110.7174542368,1,1,Nord,1275960.31064635
95.8605340012,2,1,Nord,10532.0779654721
141.5794166504,3,1,Est,1254004.17748482
96.4148975048,3,0,Sud,2826356.95420657
155.4826459015,3,0,Est,158560.531912742
74.8425174286,3,1,Nord,-1336492.09282066
174.144838634,3,1,Est,12500052.4409152
75.1625075147,1,1,Sud,1444450.74101425
155.7715123441,1,0,Nord,-3890674.44415583
90.4971761001,1,0,Ouest,223453.990384822
152.1933129676,2,1,Nord,1770768.40313653
198.5746674395,3,0,Nord,6902038.44189779
155.4798083845,2,0,Nord,7278149.39054711
73.4007562669,2,0,Ouest,5492856.30980673
46.4086347071,3,0,Est,3452210.22294161
188.7333815064,2,0,Nord,1335742.94897994
176.3182017611,2,0,Ouest,1239932.39060053
194.5884599435,2,0,Ouest,1834333.01824619
89.5124056119,1,0,Sud,2634602.62133218
165.8465569116,1,0,Ouest,6554558.12211427
222.8273284548,1,1,Ouest,1494333.8781646
226.8401067898,2,0,Ouest,-862333.007548618
128.2457842942,2,1,Est,1273058.32106833
112.6025688231,2,1,Sud,4270669.88675075
108.7199536769,2,1,Est,-3414607.86798465
206.3279508887,1,0,Est,4030727.37511923
68.783667263,3,1,Est,2492743.38271522
217.9294060649,3,0,Sud,2930989.35299707
178.940542378,2,0,Est,5313614.1603165
203.6018070645,1,1,Sud,10454314.9939186
100.3284217864,3,1,Ouest,1252447.24749604
200.5525639184,2,0,Nord,6321271.22437334
145.7541366119,3,1,Ouest,-2371511.45329261
59.3118520681,2,1,Sud,-521818.987096792
116.9330881693,1,1,Sud,4556362.80068576
169.0783691558,1,1,Ouest,7042689.25217028
172.7840109329,3,1,Est,1086845.26713709
44.6474218173,2,0,Sud,-1532213.61218994
163.9791425425,1,0,Est,5859192.66009364
204.2471252014,2,1,Est,7195583.88583123
207.2489501497,1,0,Sud,-506730.234351709
122.7079057485,2,1,Nord,5646275.34437305
2.9106465922,3,1,Ouest,557775.916721506
130.7358589402,3,1,Sud,2630625.32701163
144.8691031833,1,0,Nord,6060205.76452112
128.3145183205,2,0,Sud,398421.611275107
215.2161987559,1,0,Nord,4725155.62420461
199.9290319879,2,0,Nord,6686556.66106714
235.9653469967,1,0,Sud,8141779.85233469
149.3045368494,3,1,Est,-2302431.18568567
67.0068624646,3,0,Sud,2204152.30160881
167.6519941849,2,0,Ouest,1647055.60507406
140.6989059077,2,0,Est,1823370.02588406
142.8183731761,3,1,Nord,-3664032.62919358
91.6323906041,2,1,Est,3654880.73893152
20.2757876917,1,1,Sud,3965437.50226671
69.9390638136,1,1,Est,1892123.53952018
188.798451772,1,1,Nord,3305459.21549725
161.9158563392,3,1,Ouest,-2785710.57305964
170.7090389434,2,0,Sud,7606001.78021438
84.6481312407,2,1,Sud,2736633.51096425
71.8826192466,1,1,Est,5034581.40675139
196.5313962694,2,1,Ouest,-6805008.53969109
198.6105998753,3,1,Nord,7911576.39626809
114.2416646836,3,0,Nord,1537504.17705885
238.603453117,3,0,Est,3171852.93223047
133.505711721,1,1,Sud,1069751.58572763
189.522997672,2,0,Nord,6601301.66912905
128.011070897,2,1,Est,6414870.61476242
131.4943980215,2,1,Nord,-534515.163242843
61.2215869853,1,0,Nord,2879442.74126841
180.1408873013,2,0,Est,5313591.80072985
180.7844411751,2,0,Est,-2369969.32422456
121.879364182,1,1,Sud,4871993.64034584
140.8508538467,3,0,Nord,2463373.31238015
123.3509631686,3,0,Est,986749.994619031
128.668696366,1,1,Sud,9171814.50231973
192.1944798803,1,1,Sud,3664782.12549589
118.539760571,2,1,Est,679305.73160817
124.6123055072,1,0,Est,3193584.99684069
214.179435581,1,1,Nord,1983239.88123951
66.1204006952,3,1,Sud,1245681.54173642
90.4696321795,1,1,Est,4823991.5369071
225.4126253694,3,0,Ouest,7674723.86479291
116.8084576299,3,1,Est,3801038.48787019
93.7367076953,2,0,Est,1503207.37770909
215.758153964,3,0,Est,1914054.13976505
146.5786340711,3,1,Sud,5222266.35406444
61.0063052997,1,0,Nord,4029358.7159069
163.4167240969,3,1,Ouest,2923677.51536931
179.5664200142,2,1,Est,8092197.20286598
153.0930290608,1,1,Nord,4163414.23106909
101.0919694018,1,1,Ouest,-2482365.59389961
174.3059298661,2,0,Ouest,-1607167.59776086
162.3608300325,1,0,Nord,4494553.25769102
201.2505979835,2,1,Sud,5242461.38715248
187.5441932783,1,1,Sud,5653138.10084037
110.2032841478,3,0,Ouest,2049440.48699665
117.8720017978,2,1,Nord,2468790.9855599
177.4565319617,3,1,Est,875721.931968844
252.0101877483,1,1,Ouest,19854527.36752
80.0888525646,3,0,Nord,-3552663.91592769
180.543428913,1,1,Nord,7989758.80695303
172.1066417602,1,0,Nord,5941945.42732184
243.220564482,2,0,Sud,1251468.40779329
164.4781963846,1,0,Nord,-554341.876813343
83.4386675187,1,1,Est,1715788.58783041
163.6308375296,2,0,Ouest,-1095331.91383255
15.3458377766,3,0,Ouest,798573.84802193
180.4875865646,2,0,Ouest,6356166.03246304
93.5845519609,3,0,Nord,1244085.36620627
154.6594765241,3,1,Sud,5587810.76451492
276.866561771,1,1,Sud,-134929.156487844
184.6791989729,1,1,Ouest,2839957.23465991
82.281477331,1,0,Nord,3114214.96736777
125.0810788708,3,1,Sud,5414860.09091391
